[{"Country Name":"European Union","GDP Billions (USD) 2013":"17990.89"},
  {"Country Name":"USA","GDP Billions (USD) 2013":"16663.15"},
  {"Country Name":"China","GDP Billions (USD) 2013":"9490.85"},{"Country Name":"Japan","GDP Billions (USD) 2013":"4919.59"},{"Country Name":"Germany","GDP Billions (USD) 2013":"3746.49"},{"Country Name":"France","GDP Billions (USD) 2013":"2811.13"},{"Country Name":"United Kingdom","GDP Billions (USD) 2013":"2678.38"},{"Country Name":"Brazil","GDP Billions (USD) 2013":"2391.03"},{"Country Name":"Italy","GDP Billions (USD) 2013":"2137.62"},{"Country Name":"Russia","GDP Billions (USD) 2013":"2079.02"},{"Country Name":"India","GDP Billions (USD) 2013":"1875.16"},{"Country Name":"Canada","GDP Billions (USD) 2013":"1838.96"},{"Country Name":"Australia","GDP Billions (USD) 2013":"1497.22"},{"Country Name":"Republic of Korea","GDP Billions (USD) 2013":"1305.61"},{"Country Name":"Mexico","GDP Billions (USD) 2013":"1261.86"},{"Country Name":"Indonesia","GDP Billions (USD) 2013":"912.5"},{"Country Name":"Turkey","GDP Billions (USD) 2013":"823.03"},{"Country Name":"Saudi Arabia","GDP Billions (USD) 2013":"744.34"},{"Country Name":"Argentina","GDP Billions (USD) 2013":"622.05"},{"Country Name":"South Africa","GDP Billions (USD) 2013":"366.24"}]
