[{"Country Name":"China","Population (Millions) 2013":"1360.72"},{"Country Name":"European Union","Gross domestic product based on Purchasing-Power-Parity (PPP) valuation of Country GDP in Billions (Current International Dollar) 2011":"17502.63"},{"Country Name":"European Union","Population (Millions) 2013":"504.89"},{"Country Name":"USA","Population (Millions) 2013":"316.74"},{"Country Name":"Indonesia","Population (Millions) 2013":"248.82"},{"Country Name":"Brazil","Population (Millions) 2013":"201.03"},{"Country Name":"Russia","Population (Millions) 2013":"143.7"},{"Country Name":"Japan","Population (Millions) 2013":"127.34"},{"Country Name":"Mexico","Population (Millions) 2013":"118.4"},{"Country Name":"Germany","Population (Millions) 2013":"80.77"},{"Country Name":"Turkey","Population (Millions) 2013":"76.06"},{"Country Name":"United Kingdom","Population (Millions) 2013":"64.09"},{"Country Name":"France","Population (Millions) 2013":"63.65"},{"Country Name":"Italy","Population (Millions) 2013":"59.69"},{"Country Name":"South Africa","Population (Millions) 2013":"53.16"},{"Country Name":"Republic of Korea","Population (Millions) 2013":"50.22"},{"Country Name":"Argentina","Population (Millions) 2013":"42.2"},{"Country Name":"Canada","Population (Millions) 2013":"35.11"},{"Country Name":"Saudi Arabia","Population (Millions) 2013":"29.99"},{"Country Name":"Australia","Population (Millions) 2013":"23.3"},{"Country Name":"India","Population (Millions) 2013":"1259.35"},{"Country Name":"USA","GDP Billions (USD) 2013":"16663.15"},{"Country Name":"China","GDP Billions (USD) 2013":"9490.85"},{"Country Name":"Japan","GDP Billions (USD) 2013":"4919.59"},{"Country Name":"Germany","GDP Billions (USD) 2013":"3746.49"},{"Country Name":"France","GDP Billions (USD) 2013":"2811.13"},{"Country Name":"United Kingdom","GDP Billions (USD) 2013":"2678.38"},{"Country Name":"Brazil","GDP Billions (USD) 2013":"2391.03"},{"Country Name":"Italy","GDP Billions (USD) 2013":"2137.62"},{"Country Name":"Russia","GDP Billions (USD) 2013":"2079.02"},{"Country Name":"European Union","GDP Billions (USD) 2013":"17990.89"},{"Country Name":"Canada","GDP Billions (USD) 2013":"1838.96"},{"Country Name":"Australia","GDP Billions (USD) 2013":"1497.22"},{"Country Name":"Republic of Korea","GDP Billions (USD) 2013":"1305.61"},{"Country Name":"Mexico","GDP Billions (USD) 2013":"1261.86"},{"Country Name":"Indonesia","GDP Billions (USD) 2013":"912.5"},{"Country Name":"Turkey","GDP Billions (USD) 2013":"823.03"},{"Country Name":"Saudi Arabia","GDP Billions (USD) 2013":"744.34"},{"Country Name":"Argentina","GDP Billions (USD) 2013":"622.05"},{"Country Name":"South Africa","GDP Billions (USD) 2013":"366.24"},{"Country Name":"USA","Gross domestic product based on Purchasing-Power-Parity (PPP) valuation of Country GDP in Billions (Current International Dollar) 2011":"15517.93"},{"Country Name":"China","Gross domestic product based on Purchasing-Power-Parity (PPP) valuation of Country GDP in Billions (Current International Dollar) 2011":"13810.26"},{"Country Name":"India","Gross domestic product based on Purchasing-Power-Parity (PPP) valuation of Country GDP in Billions (Current International Dollar) 2011":"5845.36"},{"Country Name":"Japan","Gross domestic product based on Purchasing-Power-Parity (PPP) valuation of Country GDP in Billions (Current International Dollar) 2011":"4388.65"},{"Country Name":"Germany","Gross domestic product based on Purchasing-Power-Parity (PPP) valuation of Country GDP in Billions (Current International Dollar) 2011":"3471.83"},{"Country Name":"Russia","Gross domestic product based on Purchasing-Power-Parity (PPP) valuation of Country GDP in Billions (Current International Dollar) 2011":"3226.6"},{"Country Name":"Brazil","Gross domestic product based on Purchasing-Power-Parity (PPP) valuation of Country GDP in Billions (Current International Dollar) 2011":"2973.86"},{"Country Name":"France","Gross domestic product based on Purchasing-Power-Parity (PPP) valuation of Country GDP in Billions (Current International Dollar) 2011":"2438.12"},{"Country Name":"United Kingdom","Gross domestic product based on Purchasing-Power-Parity (PPP) valuation of Country GDP in Billions (Current International Dollar) 2011":"2317.09"},{"Country Name":"Indonesia","Gross domestic product based on Purchasing-Power-Parity (PPP) valuation of Country GDP in Billions (Current International Dollar) 2011":"2171.52"},{"Country Name":"Italy","Gross domestic product based on Purchasing-Power-Parity (PPP) valuation of Country GDP in Billions (Current International Dollar) 2011":"2132.75"},{"Country Name":"Mexico","Gross domestic product based on Purchasing-Power-Parity (PPP) valuation of Country GDP in Billions (Current International Dollar) 2011":"1896.26"},{"Country Name":"Republic of Korea","Gross domestic product based on Purchasing-Power-Parity (PPP) valuation of Country GDP in Billions (Current International Dollar) 2011":"1559.45"},{"Country Name":"Canada","Gross domestic product based on Purchasing-Power-Parity (PPP) valuation of Country GDP in Billions (Current International Dollar) 2011":"1424.45"},{"Country Name":"Saudi Arabia","Gross domestic product based on Purchasing-Power-Parity (PPP) valuation of Country GDP in Billions (Current International Dollar) 2011":"1366.7"},{"Country Name":"Turkey","Gross domestic product based on Purchasing-Power-Parity (PPP) valuation of Country GDP in Billions (Current International Dollar) 2011":"1314.9"},{"Country Name":"Australia","Gross domestic product based on Purchasing-Power-Parity (PPP) valuation of Country GDP in Billions (Current International Dollar) 2011":"962.34"},{"Country Name":"Argentina","Gross domestic product based on Purchasing-Power-Parity (PPP) valuation of Country GDP in Billions (Current International Dollar) 2011":"867.6"},{"Country Name":"South Africa","Gross domestic product based on Purchasing-Power-Parity (PPP) valuation of Country GDP in Billions (Current International Dollar) 2011":"633.64"},{"Country Name":"India","GDP Billions (USD) 2013":"1875.16"}]